"country","year","cost_healthy_diet_ppp_usd","data_quality","gdp","inflation","exchange_rate","agriculture_share","trade_share","population","urban_share","matched_wdi"
"Brazil",2017,3.15,"Estimated value",17724.47996,3.671384503,3.191389446,4.600591696,24.31973437,204703445,86.19828976,TRUE
"Brazil",2018,3.23,"Estimated value",17917.74921,4.493534328,3.653825361,4.420399304,28.87620338,206107261,86.44207199,TRUE
"Brazil",2019,3.39,"Estimated value",18018.62092,4.224258863,3.944471097,4.205014095,28.89025787,207455459,86.67979911,TRUE
"Brazil",2020,3.69,"Estimated value",17327.51572,6.472499623,5.155178788,5.711485115,32.30207854,208660842,86.91121865,TRUE
"Brazil",2021,3.97,"Estimated value",18075.706,13.04727086,5.39440079,6.558762612,37.65633076,209550294,87.13607817,TRUE
"Brazil",2022,4.39,"Estimated value",18554.04618,8.570281962,5.163970291,5.767474908,38.81606598,210306415,87.34955624,TRUE
"Brazil",2023,4.55,"Estimated value",19079.81221,5.159501074,4.994379763,6.023060235,33.66622983,211140729,87.61597102,TRUE
"Brazil",2024,4.69,"Estimated value",19652.3655,4.079674485,5.388934906,5.752276409,35.58452394,211998573,87.89585495,TRUE
"Colombia",2017,2.84,"Estimated value",16986.03342,5.1337359,2951.486911,6.389663553,35.28291494,48131078,77.22451917,TRUE
"Colombia",2018,2.87,"Estimated value",17104.13135,4.630579673,2955.70397,6.22570969,36.5347528,49024465,77.28048166,TRUE
"Colombia",2019,2.95,"Estimated value",17336.7716,4.002620543,3281.622194,6.410720822,37.55853398,49907985,77.45955285,TRUE
"Colombia",2020,3.15,"Estimated value",15861.49993,1.48172462,3693.275833,7.508480467,34.05557097,50629997,77.63825335,TRUE
"Colombia",2021,3.3,"Estimated value",17383.09017,7.802113095,3744.244167,7.771873014,40.05914639,51188173,77.83395703,TRUE
"Colombia",2022,4.06,"Estimated value",18458.72095,14.92503668,4256.194167,8.831544737,48.28265511,51737944,78.04646331,TRUE
"Colombia",2023,4.69,"Estimated value",18406.62423,6.992906539,4325.955,8.795866935,40.13331653,52321152,78.27557158,TRUE
"Colombia",2024,4.67,"Estimated value",18481.83749,6.357571171,4074.434167,9.495679723,36.31799388,52886363,78.52108119,TRUE
"Egypt",2017,3.81,"Estimated value",14018.36059,29.51847984,17.78253352,10.98638064,42.83213436,103696057,42.44860087,TRUE
"Egypt",2018,4.02,"Estimated value",14488.20943,21.17482082,17.76729042,10.83024902,45.91101967,105682094,42.45771774,TRUE
"Egypt",2019,3.98,"Estimated value",15026.56824,13.61809591,16.77058184,10.69713545,41.12401716,107553158,42.48120273,TRUE
"Egypt",2020,3.88,"Estimated value",15309.23599,6.176934097,15.75917292,11.16682394,32.12625557,109315124,42.51815346,TRUE
"Egypt",2021,4.01,"Estimated value",15579.01609,4.847156433,15.64452728,11.43693266,29.85697348,110957008,42.56860626,TRUE
"Egypt",2022,4.69,"Estimated value",16360.39078,10.42578924,19.16043974,10.94575352,36.98310488,112618250,42.6325129,TRUE
"Egypt",2023,5.96,"Estimated value",16691.3874,24.79907587,30.6264137,10.60031116,40.45040077,114535772,42.7098115,TRUE
"Egypt",2024,6.38,"Estimated value",16798.15158,33.69150422,45.29926,13.71211288,39.60075209,116538258,42.80043639,TRUE
"India",2017,2.77,"Estimated value",7116.036592,3.969257933,65.12156865,16.5583314,40.74249695,1359657400,33.18213282,TRUE
"India",2018,2.86,"Estimated value",7492.625768,3.884240272,68.38946709,16.03163069,43.61696933,1374659064,33.49843535,TRUE
"India",2019,3.01,"Estimated value",7702.176348,2.405517161,70.42034054,16.7555683,39.90540353,1389030312,33.81395788,TRUE
"India",2020,3.23,"Estimated value",7186.864471,4.814857919,74.09956688,18.66853766,37.75810533,1402617695,34.12867261,TRUE
"India",2021,3.4,"Estimated value",7818.657018,8.354907715,73.91801282,17.37256153,45.42308878,1414203896,34.44255172,TRUE
"India",2022,3.67,"Estimated value",8347.384786,2.853605078,78.60449058,18.21066599,50.69793828,1425423212,34.7555674,TRUE
"India",2023,3.86,"Estimated value",8870.550276,3.511128103,82.59927645,17.65653893,46.32295206,1438069596,35.06769184,TRUE
"India",2024,4.07,"Estimated value",9416.05137,2.466856582,83.66928158,17.57357995,45.91669077,1450935791,35.37889724,TRUE
"Indonesia",2017,3.61,"Estimated value",11772.57433,4.292678122,13380.83388,13.15663085,39.35549707,267346658,54.45410156,TRUE
"Indonesia",2018,3.68,"Estimated value",12262.23103,3.818323569,14236.93877,12.80849756,43.07430896,269951846,55.09568405,TRUE
"Indonesia",2019,3.68,"Estimated value",12757.78509,1.5984885,14147.67136,12.71260266,37.62777754,272489381,55.73820496,TRUE
"Indonesia",2020,3.86,"Estimated value",12388.54493,-0.401651435,14582.20347,13.69841428,32.9721754,274814866,56.27852876,TRUE
"Indonesia",2021,4,"Estimated value",12757.07464,6.003973221,14308.1439,13.28016914,40.20475827,276758053,56.87617025,TRUE
"Indonesia",2022,4.39,"Estimated value",13334.26539,9.568987563,14849.85394,12.39965016,45.4646702,278830529,57.49347042,TRUE
"Indonesia",2023,4.63,"Estimated value",13889.9495,1.530141768,15236.88466,12.52944319,41.46047654,281190067,58.11793534,TRUE
"Indonesia",2024,4.75,"Estimated value",14470.71798,0.889808755,15855.44829,12.60972203,42.80993787,283487931,58.75096354,TRUE
"Kazakhstan",2017,2.12,"Estimated value",31524.44163,11.21110565,326.0010227,4.51698454,56.82538794,18651931,57.45864487,TRUE
"Kazakhstan",2018,2.13,"Estimated value",32330.22745,9.205605998,344.7058333,4.395858103,63.52795651,18932727,58.23880389,TRUE
"Kazakhstan",2019,2.28,"Estimated value",33298.21237,7.633286237,382.7473106,4.466335958,64.85861655,19209555,59.08324743,TRUE
"Kazakhstan",2020,2.43,"Estimated value",32011.54915,4.210858293,412.9533333,5.391282693,57.02644237,19482117,59.98711935,TRUE
"Kazakhstan",2021,2.59,"Estimated value",32945.85157,13.93007506,425.9075,5.03000194,58.66860858,19743603,61.03025428,TRUE
"Kazakhstan",2022,2.88,"Estimated value",33506.26149,19.76900648,460.165,5.247144807,68.33431474,20034609,61.44415733,TRUE
"Kazakhstan",2023,3.02,"Estimated value",34703.23493,9.522246883,456.165,3.825003114,62.33428377,20330104,61.75609195,TRUE
"Kazakhstan",2024,3.06,"Estimated value",35973.96333,8.993316349,468.9625,3.882291517,57.1613432,20592571,62.07253158,TRUE
"Malaysia",2017,3.1,"Estimated value",29551.54576,3.778960943,4.300440878,8.598277535,133.1551734,32355644,74.23548064,TRUE
"Malaysia",2018,3.2,"Estimated value",30459.96553,0.624674675,4.035130137,7.512056931,130.4026255,32910967,74.56346251,TRUE
"Malaysia",2019,3.3,"Estimated value",31300.50866,0.071826909,4.142469736,7.241314016,123.028562,33440596,74.83777077,TRUE
"Malaysia",2020,3.43,"Estimated value",29200.45263,-0.818007729,4.203481949,8.165970899,116.7881824,33889558,75.05118956,TRUE
"Malaysia",2021,3.52,"Estimated value",29822.84918,5.675938488,4.143297598,9.566214588,134.0359947,34282399,75.50886282,TRUE
"Malaysia",2022,3.89,"Estimated value",32129.22178,6.296299503,4.401076345,8.961849227,146.4246048,34695493,75.97413571,TRUE
"Malaysia",2023,4.15,"Estimated value",32857.66766,-1.848983736,4.560623432,7.765309321,132.5934616,35126298,76.44347521,TRUE
"Malaysia",2024,4.27,"Estimated value",34116.23178,0.790157556,4.576427911,8.128467822,137.3625712,35557673,76.91702966,TRUE
"Mexico",2017,2.9,"Estimated value",21777.52251,6.567594911,18.92651667,3.297511776,76.95212604,123400057,77.72069246,TRUE
"Mexico",2018,2.97,"Estimated value",21997.77302,5.204499975,19.24434167,3.296959451,80.21266165,124573711,78.02712239,TRUE
"Mexico",2019,2.98,"Estimated value",21704.18595,4.319010236,19.26363333,3.315024403,77.46197225,125762982,78.35598433,TRUE
"Mexico",2020,3.07,"Estimated value",19728.48178,4.619790125,21.48560833,3.711148882,76.85455572,126799054,78.6779606,TRUE
"Mexico",2021,3.27,"Estimated value",20782.58774,4.487972743,20.27240833,3.782665286,83.06929763,127648148,78.93240074,TRUE
"Mexico",2022,3.85,"Estimated value",21391.85737,6.666649468,20.12735,3.898065712,88.79848559,128613117,79.19968322,TRUE
"Mexico",2023,4.2,"Estimated value",21864.92361,4.676374048,17.75871667,3.845697586,73.73907583,129739759,79.47349357,TRUE
"Mexico",2024,4.41,"Estimated value",21970.35204,3.746627359,18.30485833,3.869448464,75.42590154,130861007,79.7538806,TRUE
"Peru",2017,3.25,"Estimated value",15067.48928,3.615658261,3.260488491,6.77975956,47.51355036,31324637,82.19316505,TRUE
"Peru",2018,3.19,"Estimated value",15384.18461,2.277415318,3.286602698,6.885842851,48.63147017,31897584,82.685493,TRUE
"Peru",2019,3.24,"Estimated value",15461.45726,1.872216268,3.337265547,6.853031035,46.94350538,32449303,83.10330031,TRUE
"Peru",2020,3.34,"Estimated value",13607.76407,3.719171197,3.494941198,7.715846373,44.2459672,32838579,83.52674372,TRUE
"Peru",2021,3.5,"Estimated value",15285.77069,10.04866758,3.880554131,7.120231373,55.40832319,33155882,83.94801183,TRUE
"Peru",2022,3.94,"Estimated value",15566.52426,4.512672929,3.835181375,7.171122734,57.27270031,33475438,84.3663555,TRUE
"Peru",2023,4.3,"Estimated value",15342.27414,6.658621328,3.74382621,7.223159554,50.90703072,33845617,84.78102558,TRUE
"Peru",2024,4.34,"Estimated value",15708.83294,5.438593723,3.7525,7.471210843,51.68114799,34217848,85.19127296,TRUE
"Philippines",2017,3.26,"Estimated value",8584.136227,2.320259946,50.40371979,10.18295413,68.16836974,108119693,52.60104824,TRUE
"Philippines",2018,3.4,"Estimated value",9016.286596,3.74065383,52.66142995,9.650140358,72.1633983,109465287,53.20888975,TRUE
"Philippines",2019,3.47,"Estimated value",9452.293972,0.697076297,51.79578265,8.820323747,68.84184226,110804683,53.71578599,TRUE
"Philippines",2020,3.55,"Estimated value",8455.184571,1.650490187,49.624096,10.18531103,58.1695603,112081264,54.10777199,TRUE
"Philippines",2021,3.73,"Estimated value",8857.789951,2.282478463,49.25459773,10.06916402,63.48460981,113100950,54.45041025,TRUE
"Philippines",2022,3.97,"Estimated value",9457.103954,5.488648202,54.47778584,9.551768044,72.42968361,113964338,54.79023436,TRUE
"Philippines",2023,4.21,"Estimated value",9898.532946,4.601433071,55.63036322,9.400366529,67.41996932,114891199,55.12427162,TRUE
"Philippines",2024,4.39,"Estimated value",10378.17177,2.904022932,57.29065507,9.08729576,65.86378839,115843670,55.45209832,TRUE
"South Africa",2017,3,"Estimated value",14573.59808,5.473321975,13.32380142,2.493798638,53.53593183,57635162,63.33110783,TRUE
"South Africa",2018,2.94,"Estimated value",14553.56157,3.993295085,13.23392647,2.260703827,54.48554513,58613001,63.37715452,TRUE
"South Africa",2019,2.94,"Estimated value",14352.66987,4.613524691,14.44842705,1.950321145,53.89799641,59587885,63.4127255,TRUE
"South Africa",2020,3,"Estimated value",13250.56666,5.391394335,16.45910539,2.578661222,50.75965908,60562381,63.43730883,TRUE
"South Africa",2021,3.14,"Estimated value",13681.95481,6.408442941,14.77867821,2.457871997,56.16471363,61502603,63.45039259,TRUE
"South Africa",2022,3.46,"Estimated value",13767.49676,5.240966696,16.35585348,2.60577485,64.9471344,62378410,63.47666992,TRUE
"South Africa",2023,3.76,"Estimated value",13695.37557,4.722302433,18.45024418,2.535171123,65.67987597,63212384,63.58237052,TRUE
"South Africa",2024,3.89,"Estimated value",13597.65385,3.916921003,18.32865755,2.81119527,61.64677047,64007187,63.69179849,TRUE
"Thailand",2017,4.27,"Estimated value",20096.86055,1.89994499,33.93981106,8.406412587,120.8914274,71160187,49.23119736,TRUE
"Thailand",2018,4.34,"Estimated value",20882.17074,1.428586164,32.31022574,8.201819262,120.8418647,71376079,54.58437347,TRUE
"Thailand",2019,4.5,"Estimated value",21280.15045,1.014423406,31.04760578,8.12856804,109.6895147,71522271,55.92661667,TRUE
"Thailand",2020,4.65,"Estimated value",19950.28441,-1.290445137,31.29367321,8.706104715,97.66244194,71641484,57.23587799,TRUE
"Thailand",2021,4.75,"Estimated value",20236.97604,1.777157108,31.97709344,8.695395582,117.1314722,71727332,58.50877762,TRUE
"Thailand",2022,5.17,"Estimated value",20768.48001,4.640706919,35.06135021,8.715890015,132.8134583,71735329,59.74237442,TRUE
"Thailand",2023,5.46,"Estimated value",21245.27068,1.253388871,34.80218858,8.555150038,128.7923597,71702435,60.93419266,TRUE
"Thailand",2024,5.65,"Estimated value",21882.21425,0.864531566,35.29353808,8.892265892,135.7249358,71668011,61.86893384,TRUE
